<?xml version="1.0" encoding="UTF-8"?>
<?xml-model href="https://pds.nasa.gov/pds4/pds/v1/PDS4_PDS_1B00.sch" 
    schematypens="http://purl.oclc.org/dsdl/schematron"?>
<Product_Collection xmlns="http://pds.nasa.gov/pds4/pds/v1"
 xmlns:xsi="http://www.w3.org/2001/XMLSchema-instance"
 xsi:schemaLocation="http://pds.nasa.gov/pds4/pds/v1 https://pds.nasa.gov/pds4/pds/v1/PDS4_PDS_1B00.xsd">
    <Identification_Area>
        <logical_identifier>urn:nasa:pds:mer2_rmc:data</logical_identifier>
        <version_id>1.0</version_id>
        <title>MER2 Rover Motion Counter Data Collection</title>
        <information_model_version>1.11.0.0</information_model_version>
        <product_class>Product_Collection</product_class>
        <Citation_Information>
            <publication_year>2004</publication_year>
            <description>
                This collection contains rover motion counter (RMC) data for
                the Mars Exploration Rover 2 (Spirit).
            </description>
        </Citation_Information>
        <Modification_History>
            <Modification_Detail>
                <modification_date>2019-11-26</modification_date>
                <version_id>1.0</version_id>
                <description>Initial version</description>
            </Modification_Detail>
        </Modification_History>
    </Identification_Area>
    <Context_Area>
        <Time_Coordinates>
            <start_date_time>2004Z</start_date_time>
            <stop_date_time>2010Z</stop_date_time>
        </Time_Coordinates>
        <Primary_Result_Summary>
            <purpose>Engineering</purpose>
            <processing_level>Raw</processing_level>
            <Science_Facets>
                <domain>Surface</domain>
                <discipline_name>Geosciences</discipline_name>
            </Science_Facets>
        </Primary_Result_Summary>
        <Investigation_Area>
            <name>Mars Exploration Rover</name>
            <type>Mission</type>
            <Internal_Reference>
                <lid_reference>urn:nasa:pds:context:investigation:mission.mars_exploration_rover</lid_reference>
                <reference_type>collection_to_investigation</reference_type>
            </Internal_Reference>
        </Investigation_Area>
        <Observing_System>
            <name>Mars Exploration Rover 2</name>
            <Observing_System_Component>
                <name>Mars Exploration Rover 2</name>
                <type>Spacecraft</type>
                <Internal_Reference>
                    <lid_reference>urn:nasa:pds:context:instrument_host:spacecraft.mer2</lid_reference>
                    <reference_type>is_instrument_host</reference_type>
                </Internal_Reference>
            </Observing_System_Component>
        </Observing_System>
        <Target_Identification>
            <name>Mars</name>
            <type>Planet</type>
            <Internal_Reference>
                <lid_reference>urn:nasa:pds:context:target:planet.mars</lid_reference>
                <reference_type>collection_to_target</reference_type>
            </Internal_Reference>
        </Target_Identification>
    </Context_Area>
    <Collection>
        <collection_type>Data</collection_type>
    </Collection>
    <File_Area_Inventory>
        <File>
            <file_name>collection_data_inventory.csv</file_name>
            <creation_date_time>2019-11-26</creation_date_time>
        </File>
        <Inventory>
            <offset unit="byte">0</offset>
            <parsing_standard_id>PDS DSV 1</parsing_standard_id>
            <records>140</records>
            <record_delimiter>Carriage-Return Line-Feed</record_delimiter>
            <field_delimiter>Comma</field_delimiter>
            <Record_Delimited>
                <fields>2</fields>
                <groups>0</groups>
                <Field_Delimited>
                    <name>Member Status</name>
                    <field_number>1</field_number>
                    <data_type>ASCII_String</data_type>
                    <maximum_field_length unit="byte">1</maximum_field_length>
                </Field_Delimited>
                <Field_Delimited>
                    <name>LIDVID_LID</name>
                    <field_number>2</field_number>
                    <data_type>ASCII_LIDVID_LID</data_type>
                    <maximum_field_length unit="byte">255</maximum_field_length>
                </Field_Delimited>
            </Record_Delimited>
            <reference_type>inventory_has_member_product</reference_type>
        </Inventory>
    </File_Area_Inventory>
</Product_Collection>
