P,urn:nasa:pds:mer2_rmc:data:mer2_master::1.0
P,urn:nasa:pds:mer2_rmc:data:mer2_site_000_master::1.0
P,urn:nasa:pds:mer2_rmc:data:mer2_site_001_master::1.0
P,urn:nasa:pds:mer2_rmc:data:mer2_site_002_master::1.0
P,urn:nasa:pds:mer2_rmc:data:mer2_site_003_master::1.0
P,urn:nasa:pds:mer2_rmc:data:mer2_site_004_master::1.0
P,urn:nasa:pds:mer2_rmc:data:mer2_site_005_master::1.0
P,urn:nasa:pds:mer2_rmc:data:mer2_site_006_master::1.0
P,urn:nasa:pds:mer2_rmc:data:mer2_site_007_master::1.0
P,urn:nasa:pds:mer2_rmc:data:mer2_site_008_master::1.0
P,urn:nasa:pds:mer2_rmc:data:mer2_site_009_master::1.0
P,urn:nasa:pds:mer2_rmc:data:mer2_site_010_master::1.0
P,urn:nasa:pds:mer2_rmc:data:mer2_site_011_master::1.0
P,urn:nasa:pds:mer2_rmc:data:mer2_site_012_master::1.0
P,urn:nasa:pds:mer2_rmc:data:mer2_site_013_master::1.0
P,urn:nasa:pds:mer2_rmc:data:mer2_site_014_master::1.0
P,urn:nasa:pds:mer2_rmc:data:mer2_site_015_master::1.0
P,urn:nasa:pds:mer2_rmc:data:mer2_site_016_master::1.0
P,urn:nasa:pds:mer2_rmc:data:mer2_site_017_master::1.0
P,urn:nasa:pds:mer2_rmc:data:mer2_site_018_master::1.0
P,urn:nasa:pds:mer2_rmc:data:mer2_site_019_master::1.0
P,urn:nasa:pds:mer2_rmc:data:mer2_site_020_master::1.0
P,urn:nasa:pds:mer2_rmc:data:mer2_site_021_master::1.0
P,urn:nasa:pds:mer2_rmc:data:mer2_site_022_master::1.0
P,urn:nasa:pds:mer2_rmc:data:mer2_site_023_master::1.0
P,urn:nasa:pds:mer2_rmc:data:mer2_site_024_master::1.0
P,urn:nasa:pds:mer2_rmc:data:mer2_site_025_master::1.0
P,urn:nasa:pds:mer2_rmc:data:mer2_site_026_master::1.0
P,urn:nasa:pds:mer2_rmc:data:mer2_site_027_master::1.0
P,urn:nasa:pds:mer2_rmc:data:mer2_site_028_master::1.0
P,urn:nasa:pds:mer2_rmc:data:mer2_site_029_master::1.0
P,urn:nasa:pds:mer2_rmc:data:mer2_site_030_master::1.0
P,urn:nasa:pds:mer2_rmc:data:mer2_site_031_master::1.0
P,urn:nasa:pds:mer2_rmc:data:mer2_site_032_master::1.0
P,urn:nasa:pds:mer2_rmc:data:mer2_site_033_master::1.0
P,urn:nasa:pds:mer2_rmc:data:mer2_site_034_master::1.0
P,urn:nasa:pds:mer2_rmc:data:mer2_site_035_master::1.0
P,urn:nasa:pds:mer2_rmc:data:mer2_site_036_master::1.0
P,urn:nasa:pds:mer2_rmc:data:mer2_site_037_master::1.0
P,urn:nasa:pds:mer2_rmc:data:mer2_site_038_master::1.0
P,urn:nasa:pds:mer2_rmc:data:mer2_site_039_master::1.0
P,urn:nasa:pds:mer2_rmc:data:mer2_site_040_master::1.0
P,urn:nasa:pds:mer2_rmc:data:mer2_site_041_master::1.0
P,urn:nasa:pds:mer2_rmc:data:mer2_site_042_master::1.0
P,urn:nasa:pds:mer2_rmc:data:mer2_site_043_master::1.0
P,urn:nasa:pds:mer2_rmc:data:mer2_site_044_master::1.0
P,urn:nasa:pds:mer2_rmc:data:mer2_site_045_master::1.0
P,urn:nasa:pds:mer2_rmc:data:mer2_site_046_master::1.0
P,urn:nasa:pds:mer2_rmc:data:mer2_site_047_master::1.0
P,urn:nasa:pds:mer2_rmc:data:mer2_site_048_master::1.0
P,urn:nasa:pds:mer2_rmc:data:mer2_site_049_master::1.0
P,urn:nasa:pds:mer2_rmc:data:mer2_site_050_master::1.0
P,urn:nasa:pds:mer2_rmc:data:mer2_site_051_master::1.0
P,urn:nasa:pds:mer2_rmc:data:mer2_site_052_master::1.0
P,urn:nasa:pds:mer2_rmc:data:mer2_site_053_master::1.0
P,urn:nasa:pds:mer2_rmc:data:mer2_site_054_master::1.0
P,urn:nasa:pds:mer2_rmc:data:mer2_site_055_master::1.0
P,urn:nasa:pds:mer2_rmc:data:mer2_site_056_master::1.0
P,urn:nasa:pds:mer2_rmc:data:mer2_site_057_master::1.0
P,urn:nasa:pds:mer2_rmc:data:mer2_site_058_master::1.0
P,urn:nasa:pds:mer2_rmc:data:mer2_site_059_master::1.0
P,urn:nasa:pds:mer2_rmc:data:mer2_site_060_master::1.0
P,urn:nasa:pds:mer2_rmc:data:mer2_site_061_master::1.0
P,urn:nasa:pds:mer2_rmc:data:mer2_site_062_master::1.0
P,urn:nasa:pds:mer2_rmc:data:mer2_site_063_master::1.0
P,urn:nasa:pds:mer2_rmc:data:mer2_site_064_master::1.0
P,urn:nasa:pds:mer2_rmc:data:mer2_site_065_master::1.0
P,urn:nasa:pds:mer2_rmc:data:mer2_site_066_master::1.0
P,urn:nasa:pds:mer2_rmc:data:mer2_site_067_master::1.0
P,urn:nasa:pds:mer2_rmc:data:mer2_site_068_master::1.0
P,urn:nasa:pds:mer2_rmc:data:mer2_site_069_master::1.0
P,urn:nasa:pds:mer2_rmc:data:mer2_site_070_master::1.0
P,urn:nasa:pds:mer2_rmc:data:mer2_site_071_master::1.0
P,urn:nasa:pds:mer2_rmc:data:mer2_site_072_master::1.0
P,urn:nasa:pds:mer2_rmc:data:mer2_site_073_master::1.0
P,urn:nasa:pds:mer2_rmc:data:mer2_site_074_master::1.0
P,urn:nasa:pds:mer2_rmc:data:mer2_site_075_master::1.0
P,urn:nasa:pds:mer2_rmc:data:mer2_site_076_master::1.0
P,urn:nasa:pds:mer2_rmc:data:mer2_site_077_master::1.0
P,urn:nasa:pds:mer2_rmc:data:mer2_site_078_master::1.0
P,urn:nasa:pds:mer2_rmc:data:mer2_site_079_master::1.0
P,urn:nasa:pds:mer2_rmc:data:mer2_site_080_master::1.0
P,urn:nasa:pds:mer2_rmc:data:mer2_site_081_master::1.0
P,urn:nasa:pds:mer2_rmc:data:mer2_site_082_master::1.0
P,urn:nasa:pds:mer2_rmc:data:mer2_site_083_master::1.0
P,urn:nasa:pds:mer2_rmc:data:mer2_site_084_master::1.0
P,urn:nasa:pds:mer2_rmc:data:mer2_site_085_master::1.0
P,urn:nasa:pds:mer2_rmc:data:mer2_site_086_master::1.0
P,urn:nasa:pds:mer2_rmc:data:mer2_site_087_master::1.0
P,urn:nasa:pds:mer2_rmc:data:mer2_site_088_master::1.0
P,urn:nasa:pds:mer2_rmc:data:mer2_site_089_master::1.0
P,urn:nasa:pds:mer2_rmc:data:mer2_site_090_master::1.0
P,urn:nasa:pds:mer2_rmc:data:mer2_site_091_master::1.0
P,urn:nasa:pds:mer2_rmc:data:mer2_site_092_master::1.0
P,urn:nasa:pds:mer2_rmc:data:mer2_site_093_master::1.0
P,urn:nasa:pds:mer2_rmc:data:mer2_site_094_master::1.0
P,urn:nasa:pds:mer2_rmc:data:mer2_site_095_master::1.0
P,urn:nasa:pds:mer2_rmc:data:mer2_site_096_master::1.0
P,urn:nasa:pds:mer2_rmc:data:mer2_site_097_master::1.0
P,urn:nasa:pds:mer2_rmc:data:mer2_site_098_master::1.0
P,urn:nasa:pds:mer2_rmc:data:mer2_site_099_master::1.0
P,urn:nasa:pds:mer2_rmc:data:mer2_site_100_master::1.0
P,urn:nasa:pds:mer2_rmc:data:mer2_site_101_master::1.0
P,urn:nasa:pds:mer2_rmc:data:mer2_site_102_master::1.0
P,urn:nasa:pds:mer2_rmc:data:mer2_site_103_master::1.0
P,urn:nasa:pds:mer2_rmc:data:mer2_site_104_master::1.0
P,urn:nasa:pds:mer2_rmc:data:mer2_site_105_master::1.0
P,urn:nasa:pds:mer2_rmc:data:mer2_site_106_master::1.0
P,urn:nasa:pds:mer2_rmc:data:mer2_site_107_master::1.0
P,urn:nasa:pds:mer2_rmc:data:mer2_site_108_master::1.0
P,urn:nasa:pds:mer2_rmc:data:mer2_site_109_master::1.0
P,urn:nasa:pds:mer2_rmc:data:mer2_site_110_master::1.0
P,urn:nasa:pds:mer2_rmc:data:mer2_site_111_master::1.0
P,urn:nasa:pds:mer2_rmc:data:mer2_site_112_master::1.0
P,urn:nasa:pds:mer2_rmc:data:mer2_site_113_master::1.0
P,urn:nasa:pds:mer2_rmc:data:mer2_site_114_master::1.0
P,urn:nasa:pds:mer2_rmc:data:mer2_site_115_master::1.0
P,urn:nasa:pds:mer2_rmc:data:mer2_site_116_master::1.0
P,urn:nasa:pds:mer2_rmc:data:mer2_site_117_master::1.0
P,urn:nasa:pds:mer2_rmc:data:mer2_site_118_master::1.0
P,urn:nasa:pds:mer2_rmc:data:mer2_site_119_master::1.0
P,urn:nasa:pds:mer2_rmc:data:mer2_site_120_master::1.0
P,urn:nasa:pds:mer2_rmc:data:mer2_site_121_master::1.0
P,urn:nasa:pds:mer2_rmc:data:mer2_site_122_master::1.0
P,urn:nasa:pds:mer2_rmc:data:mer2_site_123_master::1.0
P,urn:nasa:pds:mer2_rmc:data:mer2_site_124_master::1.0
P,urn:nasa:pds:mer2_rmc:data:mer2_site_125_master::1.0
P,urn:nasa:pds:mer2_rmc:data:mer2_site_126_master::1.0
P,urn:nasa:pds:mer2_rmc:data:mer2_site_127_master::1.0
P,urn:nasa:pds:mer2_rmc:data:mer2_site_128_master::1.0
P,urn:nasa:pds:mer2_rmc:data:mer2_site_129_master::1.0
P,urn:nasa:pds:mer2_rmc:data:mer2_site_130_master::1.0
P,urn:nasa:pds:mer2_rmc:data:mer2_site_131_master::1.0
P,urn:nasa:pds:mer2_rmc:data:mer2_site_132_master::1.0
P,urn:nasa:pds:mer2_rmc:data:mer2_site_133_master::1.0
P,urn:nasa:pds:mer2_rmc:data:mer2_site_134_master::1.0
P,urn:nasa:pds:mer2_rmc:data:mer2_site_135_master::1.0
P,urn:nasa:pds:mer2_rmc:data:mer2_site_136_master::1.0
P,urn:nasa:pds:mer2_rmc:data:mer2_site_137_master::1.0
P,urn:nasa:pds:mer2_rmc:data:mer2_site_138_master::1.0
